id,status,invited_at,registered_at,checked_in_at,first_name,last_name,email,phone_number,date_of_birth,age,level_of_study,school,major,shirt_size,dietary_restrictions,special_needs,gender,Github Profile Url,City / State / Country,Linkedin Profile URL
1096146,registered,,2026-09-09 19:07:52 UTC,,Arpit,Tyagi,arpittyag246@gmail.com,,,,,,,,,,,https://github.com/algomasterarpit,,
1096229,registered,,2026-09-10 03:53:55 UTC,,Zeba Fatma,Khan,khanzebafatma@gmail.com,,,,,,,,,,,https://github.com/ze-creator,,
1096249,registered,,2026-09-10 04:48:27 UTC,,Nikhil,Bopche,nbopche112@gmail.com,,,,,,,,,,,https://github.com/nikhil3434,Nagpur,
1096250,registered,,2026-09-10 04:49:24 UTC,,Vaishnavi,Nandurkar,vaishnavinandurkar2835@gmail.com,,,,,,,,,,,https://github.com/vaishnavi22104,"Nagpur, Maharashtra, India",
1096251,registered,,2026-09-10 05:00:08 UTC,,Atharva,Werulkar,werulkaratharva@gmail.com,,,,University (Undergraduate),,,,,,Male,https://github.com/atharva-werulkar,"India, Maharashtra, Nagpur ",
1096252,registered,,2026-09-10 05:07:12 UTC,,Nikhil,Motghare,nike05motghare@gmail.com,,2004-11-13,21,,St. Vincent Pallotti College of Engineering & Technology,Computer science engineering (Data Science),,,,Male,https://github.com/nikemod1,"Nagpur,Maharashtra,India",
1096257,registered,,2026-09-10 05:21:27 UTC,,Shivam,Saraf,shivamsaraf105@gmail.com,,2004-03-10,22,,,,,,,,https://github.com/shivam102004,"Nagpur,Maharashtra,India",
1096337,registered,,2026-09-10 07:27:29 UTC,,piyush,kathoke,icpc3star@gmail.com,,,,,,,,,,,https://github.com,india,
1096745,registered,,2026-09-10 18:16:42 UTC,,Tushar,Agarwal,tusharr9012@gmail.com,+916392651839,2005-03-31,21,,"Indian Institute of Information Technology, Nagpur",B.Tech CSE,,,,Male,https://github.com/tushar-313,"Nagpur, India",
1096752,registered,,2026-09-10 18:23:23 UTC,,Aviral,Joshi,aviral270406@gmail.com,,,,,,,,,,,"https://github.com/aviral27 ( the last letter l is capital, its auto changing to small )","Nagur, Maharastra, India",
1096759,registered,,2026-09-10 18:31:41 UTC,,Aditya,Singh,mejustaditya03@gmail.com,,,,,,,,,,,https://github.com/adiscripts03,"Nagpur, Maharashtra, India",
1096851,registered,,2026-09-11 01:52:10 UTC,,Kalpak,Buradkar,kalpak47k@gmail.com,,,,,,,,,,,https://github.com/kalpak02,India ,
1098602,registered,,2026-09-11 17:54:39 UTC,,Onkar,Kirpan,okirpan@gmail.com,+919579549136,1996-04-22,30,,,,,,,Male,https://github.com/omkarkirpan,Nagpur,
1099085,registered,,2026-09-12 06:20:54 UTC,,Darshan,Bagade,darshanbagade123@gmail.com,+919373750400,2005-03-12,21,,Yeshwantrao Chavan College of Engineering,Computer Technology,,,,Male,https://github.com/darshanbagade/,"Nagpur, Maharashtra, India",
1099141,registered,,2026-09-12 06:57:08 UTC,,Shantanu,Duryodhan,duryoshant@gmail.com,,,,,,,,,,,https://github.com/thunderboy159,"Nagpur, Maharashtra, India",
1100812,registered,,2026-09-13 20:20:13 UTC,,Rounak,Mishra,rounakkm31@gmail.com,,,,,,,,,,,https://github.com/rounakkm,Nagpur,
1101618,registered,,2026-09-14 20:30:25 UTC,,Nishant,Behera,nishant01113@gmail.com,,,,,,,,,,,https://github.com/nishant-13006,india,
1102580,registered,,2026-09-15 18:40:55 UTC,,Pranav,Navghare,pranavnavghare46@gmail.com,+919356671329,,,,,,,,,,https://github.com/pranavxdragon,nagpur,
1102811,registered,,2026-09-16 09:05:20 UTC,,Tejas,Nasre,tejasnasre120@gmail.com,+918623981647,2004-11-12,21,,"G.H. Raisoni College of Engineering and Management, Nagpur",B.Tech AI,,,,Male,https://github.com/tejasnasre,Nagpur,
1104184,registered,,2026-09-17 17:22:31 UTC,,Aditya,Lade,aditya.use22@gmail.com,,,,,,,,,,,https://github.com/adityalade22,"Nagpur, India",
1104762,registered,,2026-09-18 11:48:56 UTC,,Aditi,Kadukar,aditikadukar2024@gmail.com,,,,,,,,,,,https://github.com/aditi-kadukar,India,
1105708,registered,,2026-09-19 18:28:49 UTC,,Owais,Khan,owais.pvt10@gmail.com,,,,,,,,,,,https://github.com/owaisxkhandev-web,Nagpur,
1105710,registered,,2026-09-19 18:30:56 UTC,,Mohammad Affan,Khan,affankhan1903@gmail.com,+919372151746,,,,,,,,,,https://github.com/affan190306,Nagpur/Maharashtra/India,
1105783,registered,,2026-09-19 20:08:54 UTC,,Yash,Landge,yashlandge150@gmail.com,+917350801627,,,High School / Secondary School,,,,,,Male,https://github.com/hsay123,Nagpur/Maharashtra/ India ,
1105796,registered,,2026-09-19 20:45:53 UTC,,Aryan,Rahate,rahatearyan.ar23062004@gmail.com,,2004-06-23,22,University (Undergraduate),"G. H. Raisoni College of Engineering, Nagpur",Information Technology,,,,Male,https://github.com/rnrahate,Nagpur/Maharashtra/India ,
1105838,registered,,2026-09-20 01:59:18 UTC,,Sahil,Khan,thesanesahil@gmail.com,,,,,,,,,,,https://github.com/thesanesahil-boop,Nagpur/ Maharashtra/ India,
1106088,registered,,2026-09-20 12:48:57 UTC,,Samyak,borkar,pranitaborkar2@gmail.com,,,,,,,,,,,https://github.com/samyak2468p,Nagpur ,
1106245,registered,,2026-09-20 15:58:41 UTC,,Roshan ,Chaudhari,roshanchoudhry417@gmail.com,,,,,,,,,,,https://github.com/roshanchoudhry417-byte,Nagpur/Maharashtra/India,
1106325,registered,,2026-09-20 17:57:05 UTC,,Aditya,Lade,adityalade22@gmail.com,,,,,,,,,,,https://github.com/adityalade22,"Nagpur, India",https://www.linkedin.com/in/adityalade
1106342,registered,,2026-09-20 18:13:51 UTC,,Anam Kausar,Siddiqui,siddiquianam015@gmail.com,,,,,,,,,,,https://github.com/anam-siddiqui01,"Nagpur, Maharashtra, India",
1106384,registered,,2026-09-20 20:09:58 UTC,,Tisha,Sureka,tishasureka08@gmail.com,,,,,,,,,,,https://github.com/tishasureka,Nagpur/Maharashtra/India,
1106387,registered,,2026-09-20 20:12:14 UTC,,Shreyash,Raut,rshreyash784@gmail.com,+917387646206,,,,,,,,,,https://github.com/shreyashio,Nagpur ,
1106605,registered,,2026-09-21 08:27:07 UTC,,Gunika,Bhutani,gunikadbhutani@gmail.com,,,,,,,,,,,https://github.com/gunika1245,Nagpur/ maharastra/India,
1106645,registered,,2026-09-21 11:05:36 UTC,,Aman,Gupta,theamangupta15@gmail.com,,2005-09-15,21,,G.H. Raisoni College of Engineering,Computer Science,,,,Male,https://github.com/theamangupta15-debug,"Nagpur,Maharashtra",
1106652,registered,,2026-09-21 11:13:18 UTC,,Srushti,Kamble,kamblesrushti127@gmail.com,,2005-12-14,20,,Yeshwantrao Chavan College of Engineering,Computer Science,,,,Female,https://github.com/srushti-kamble14,Nagpur ,
1106697,rejected,,2026-09-21 13:00:31 UTC,,Om,Patil,patilomh@gmail.com,,,,,,,,,,,https://github.com/ompatil0,Nagpur/ Maharashtra/ india,
1106701,rejected,,2026-09-21 13:04:58 UTC,,Darshan,Lahase,lahasedarshan@gmail.com,,,,,,,,,,,https://github.com/lahasedarshan-01,"Nagpur, Maharashtra, India ",
1106723,registered,,2026-09-21 13:45:24 UTC,,Vaishnavi,Chaudhari,vaishnavichaudhari3005@gmail.com,,,,,,,,,,,https://github.com/vaishnavi473,Nagpur ,
1106940,registered,,2026-09-21 17:44:35 UTC,,Abhishek,Purohit,purohitabhishek0106@gmail.com,,,,,,,,,,,https://github.com/abhishekp0106,"Nagpur,Maharashtra,India",
1106943,registered,,2026-09-21 17:44:51 UTC,,RUDRA,KATHOKE,24kathoker@rbunagpur.in,,,,,Ramdeobaba University,,,,,,https://github.com/rudrakathoke2006,Nagpur maharashtra india,
1107006,registered,,2026-09-21 18:53:54 UTC,,Samruddhi,Sawarkar,samruddhisawarkar79@gmail.com,,,,,,,,,,,https://github.com/gitsam74,Nagpur / Maharashtra / India,
1107953,registered,,2026-09-23 03:14:03 UTC,,Aryan,Lade,aryanlade55@gmail.com,,,,,,,,,,,https://github.com/aryan-lade,"Nagpur Maharashtra, India",https://www.linkedin.com/in/aryan-lade
1107965,registered,,2026-09-23 03:40:09 UTC,,Sayyad,Rehan,sayyadrehan5483@gmail.com,,,,,,,,,,,https://github.com/sayyadrehan09,"Nagpur, Maharashtra ,India",
1108010,registered,,2026-09-23 04:55:55 UTC,,Aryan,Vijaykar,advijaykar@gmail.com,+918767247725,2007-04-19,19,,Ratan Tata Maharashtra State Skills University,Information Technology,,,,Male,https://github.com/aryan-vijaykar,Nagpur,
1108012,registered,,2026-09-23 04:59:36 UTC,,Gunjan,Ghangare,gunjanghangare590@gmail.com,+919685705863,2006-08-10,20,,,,,,,male,https://www.github.com/gunjan-ghangare,Nagpur/ Maharashtra/India,
1108016,registered,,2026-09-23 05:01:37 UTC,,Chetna,Sakarde,chetanasakarde@gmail.com,+919156871565,,,,,,,,,,https://github.com/chetna-sakarde,Nagpur ,
1108116,registered,,2026-09-23 07:07:49 UTC,,Purva,Mohature,purvamohature1@gmail.com,,,,,,,,,,,https://github.com/purvam10,Nagpur,https://www.linkedin.com/in/purvamohature10/
1108235,registered,,2026-09-23 09:51:20 UTC,,premshree,gathe,premshreegathe@gmail.com,,,,,,,,,,,https://github.com/premshreegathe-sudo,Nagpur ,https://www.linkedin.com/in/premshree-gathe-52563a30a
1108302,registered,,2026-09-23 11:24:44 UTC,,Bhavesh,Chawre,bhaveshchawre1@gmail.com,,,,,,,,,,,https://github.com/bhave5h,"Nagpur, Maharashtra ",https://www.linkedin.com/in/bhavesh-chawre/
1108303,registered,,2026-09-23 11:25:16 UTC,,Devansh,Burhade,devanshburhade235@gmail.com,,,,,,,,,,,https://github.com/devansh-235,Nagpur/ maharashtra/india ,https://www.linkedin.com/in/devansh-burhade/
1108304,registered,,2026-09-23 11:25:55 UTC,,Kartik,Raut,kartikrautsr12@gmail.com,,,,,,,,,,,https://github.com/kartikraut09,Nagpur / Maharashtra / India,https://www.linkedin.com/in/kartik-raut-155186203
1108308,registered,,2026-09-23 11:34:49 UTC,,Sayali,Pohankar,slpohankar@gmail.com,,,,,,,,,,,https://github.com/sayaliii12,Nagpur ,https://www.linkedin.com/in/sayali-pohankar-63b338355?utm_source=share_via&utm_content=profile&utm_medium=member_android
1108310,registered,,2026-09-23 11:38:06 UTC,,Yatin,Mishra,yatinmishra911@gmail.com,,,,,,,,,,,https://github.com/damnyatin,"Nagpur, Maharashtra, India",https://linkedin.com/in/yatinmishra1
1108311,registered,,2026-09-23 11:40:03 UTC,,Sneha,Agrawal,snehakagrawal8080@gmail.com,+918080550340,,,,,,,,,,https://github.com/sneha798,Nagpur ,https://www.linkedin.com/in/sneha-agrawal-422190290?utm_source=share_via&utm_content=profile&utm_medium=member_android
1108314,registered,,2026-09-23 11:42:12 UTC,,Abhinav,khadilkar,abhinavkhadilkar22306@gmail.com,,,,,,,,,,,https://www.github.com/abhinav-ak22,Nagpur ,https://www.linkedin.com/in/abhinav-khadilkar-98741828b
1108316,registered,,2026-09-23 11:46:07 UTC,,Princy,Bharani,princybharani94@gmail.com,,,,,,,,,,,https://github.com/princybharani,Nagpur,https://www.linkedin.com/in/princy-bharani-96995a362?utm_source=share_via&utm_content=profile&utm_medium=member_android
1108317,registered,,2026-09-23 11:48:37 UTC,,Ruturaj,Bhargade,ruturajbhargade2011@gmail.com,,,,,,,,,,,https://github.com/ruturajbhargade2011-oss,pusad ,https://www.linkedin.com/in/ruturaj-undefined-8a98b3422/?isselfprofile=true
1108318,registered,,2026-09-23 11:49:35 UTC,,Aaditya,Chormage,aadityachormage94@gmail.com,,,,,,,,,,,https://github.com/aaditya100k,"Nagpur, maharashtra, india ",https://www.linkedin.com/in/aaditya-chormage-a880b5244?utm_source=share_via&utm_content=profile&utm_medium=member_android
1108320,registered,,2026-09-23 11:51:16 UTC,,Azimuddin,Quazi,azimq2003@gmail.com,,,,,,,,,,,https://github.com/azim2803?tab=overview&from=2026-09-01&to=2026-09-23,Nagpur/ Maharashtra/ India,https://www.linkedin.com/in/azim-quazi-347a77287?utm_source=share_via&utm_content=profile&utm_medium=member_android
1108322,registered,,2026-09-23 11:53:29 UTC,,Aishwarya,Ramteke,ramtekeaish26@gmail.com,,,,,,,,,,,https://github.com/ramtekeaish26-web,Nagpur Maharashtra India ,https://www.linkedin.com/in/aishwarya-ramteke-6742543a1?utm_source=share_via&utm_content=profile&utm_medium=member_android
1108323,registered,,2026-09-23 11:53:47 UTC,,Sankalp,Gaidhane,sankalpgaidhane77@gmail.com,,,,,,,,,,,https://github.com/sankalpgaidhane77-star,"Nagpur ,Maharashtra, india",https://www.linkedin.com/in/sankalp-gaidhane-515a44355?utm_source=share_via&utm_content=profile&utm_medium=member_androidhttps://www.linkedin.com/in/sankalp-gaidhane-515a44355?utm_source=share_via&utm_content=profile&utm_medium=member_android
1108327,registered,,2026-09-23 11:55:27 UTC,,Vaishnavi,Nandurkar,vaishnavinandurkar97@gmail.com,,2006-09-14,20,University (Undergraduate),Ramdeobaba University,CSE AI & DS,,,,,https://github.com/glider-vinnie,Nagpur/ Maharashtra/ India ,https://www.linkedin.com/in/vaishnavinandurkar
1108330,registered,,2026-09-23 12:01:11 UTC,,Ridhima,Ramteke,ramtekek875@gmail.com,,,,,,,,,,,https://github.com/ramtekeridima834-cmyk,Nagpur Maharashtra india,https://www.linkedin.com/in/ridima-ramteke-0163823a1?utm_source=share_via&utm_content=profile&utm_medium=member_android
1108332,registered,,2026-09-23 12:08:29 UTC,,Bhoomika,Girish,velvet.3chapter@gmail.com,,,,,,,,,,,https://github.com/velvet-007,Nagpur/Maharashtra/India,https://www.linkedin.com/in/bhoomika-girish-196868425?utm_source=share_via&utm_content=profile&utm_medium=member_android
1108333,registered,,2026-09-23 12:09:06 UTC,,Devansh,Paltewar,devanshpaltewar2023@gmail.com,,,,,,,,,,,https://github.com/devanshpaltewar30,india,https://www.linkedin.com/in/devansh-paltewar-981b8829a/
1109801,registered,,2026-09-25 01:27:24 UTC,,Om,Sherekar,sherekar17@gmail.com,,,,,,,,,,,https://github.com/omsherekar17-gif,Nagpur/Maharashtra/India ,https://www.linkedin.com/in/om-sherekar-0972a4391?utm_source=share_via&utm_content=profile&utm_medium=member_android
1109816,registered,,2026-09-25 02:38:39 UTC,,Divya,Mishra,divyamishra123786@jdcoem.ac.in,,,,,,,,,,,https://github.com/divyamishra123786-glitch,Nagpur ,https://www.linkedin.com/in/divya-mishra-13b8603b2
1109822,registered,,2026-09-25 02:50:02 UTC,,Sagar,Kharbikar,sagarkharbikar25@gmail.com,,,,,,,,,,,https://github.com/sagarkharbikar25,Nagpur/Maharashtra/India,https://www.linkedin.com/in/sagar-kharbikar/
1109826,registered,,2026-09-25 03:06:14 UTC,,Rushikesh,Bobde,rushikeshbobde9@gmail.com,,,,,,,,,,,https://github.com/rushikeshbobde-glitch,Nagpur,https://www.linkedin.com/in/rushikesh-bobde-880843361?utm_source=share_via&utm_content=profile&utm_medium=member_android
1109830,registered,,2026-09-25 03:31:58 UTC,,Deepesh,Gupta,deepeshg1895@gmail.com,,,,,,,,,,,https://github.com/deven-syndicate,"Nagpur, Maharashtra, India",https://www.linkedin.com/in/deepesh-gupta-9763983a2?utm_source=share_via&utm_content=profile&utm_medium=member_android
1109912,registered,,2026-09-25 05:38:56 UTC,,Soukat,Das,soukatdas123@gmail.com,,,,,,,,,,,https://github.com/soukatdas05/puchuweb,kolkata ,https://www.linkedin.com/in/soukat-das-4ba345204/
1110568,registered,,2026-09-25 17:15:25 UTC,,Himanshu,Rane,himanshu.rane.304@gmail.com,,,,High School / Secondary School,,,,,,Male,https://github.com/himanshurane,Nagpur,https://www.linkedin.com/in/ranehimanshu/
1110589,registered,,2026-09-25 17:34:21 UTC,,Naga,Ranga,nagaranga556@gmail.com,,,,,,,,,,,https://share.google/yllfwnen2xsnjj52j,Nagpur ,https://www.linkedin.com/in/ranganaga?utm_source=share_via&utm_content=profile&utm_medium=member_android
1110619,registered,,2026-09-25 18:01:24 UTC,,Hridhya,Raghav,hri.rag.hav09@gmail.com,,,,,,,,,,,https://github.com/hridhyaraghav,Nagpur,https://www.linkedin.com/in/hridhyaraghav/
1110780,registered,,2026-09-26 01:56:36 UTC,,Kartik,Bissa,1754.kartik@gmail.com,,,,,,,,,,,https://github.com/kartik-bissa,Nagpur/Maharashtra/India,https://www.linkedin.com/in/kartik-bissa-190675311?utm_source=share_via&utm_content=profile&utm_medium=member_android
1111918,registered,,2026-09-27 03:06:10 UTC,,Sankalp,Kotewar,kotewarsankalp@gmail.com,,,,,,,,,,,https://github.com/kotewar,"Nagpur, India",https://www.linkedin.com/in/sankalpkotewar/
1111964,registered,,2026-09-27 04:28:09 UTC,,Ayan,Sheikh,ayansheikh007@anjumanengg.edu.in,,,,,Anjuman College of Engineering and Technology,,,,,,https://github.com/theayanshiekh,"Nagpur, Maharashtra, India ",https://www.linkedin.com/in/ayan-sheikh-a80241300?utm_source=share_via&utm_content=profile&utm_medium=member_android
1112057,rejected,,2026-09-27 06:19:15 UTC,,Anshkumar,Pandey,anshkumarpandey23@gmail.com,,,,,,,,,,,https://github.com/anshkumar-pandey,India,https://www.linkedin.com/in/anshkumar-pandey-830013373?utm_source=share_via&utm_content=profile&utm_medium=member_android
1118455,invited,2026-10-01 12:50:38 UTC,,,Saksham,Shukla,sakshamshukla0104@gmail.com,,,,,,,,,,,,,
1118460,registered,2026-10-01 12:53:10 UTC,2026-10-01 15:29:36 UTC,,Varad,Raut,varadisthedev@gmail.com,,,,,,,,,,,https://github.com/varadisthedev,Nagpur,https://www.linkedin.com/in/varad-raut-/
1118462,invited,2026-10-01 12:53:56 UTC,,,Juhi,Nagpure,juhinagpure56@gmail.com,,,,,,,,,,,,,
1118508,registered,2026-10-01 13:21:08 UTC,2026-10-01 13:35:32 UTC,,Sanika,Raut,sanika678xx@gmail.com,,,,,,,,,,,https://github.com/sanikaraut248-dotcom,Nagpur,https://www.linkedin.com/in/sanika-raut-b443972b3/
1118509,invited,2026-10-01 13:21:37 UTC,,,sharvari,Bhange,sharvaribhange01@gmail.com,,,,,,,,,,,,,
1118512,invited,2026-10-01 13:22:06 UTC,,,Yash,Balpande,ypbalpande@gcoen.ac.in,+919284579403,2004-05-07,22,,Government College of Engineering Nagpur,Electrical Engineering ,,,,Male,,,
