github_username,display_name
algomasterarpit,Arpit Tyagi
ze-creator,Zeba Fatma Khan
nikhil3434,Nikhil Bopche
vaishnavi22104,Vaishnavi Nandurkar
atharva-werulkar,Atharva Werulkar
nikemod1,Nikhil Motghare
shivam102004,Shivam Saraf
tushar-313,Tushar Agarwal
aviral27,Aviral Joshi
adiscripts03,Aditya Singh
kalpak02,Kalpak Buradkar
omkarkirpan,Onkar Kirpan
darshanbagade,Darshan Bagade
thunderboy159,Shantanu Duryodhan
rounakkm,Rounak Mishra
nishant-13006,Nishant Behera
pranavxdragon,Pranav Navghare
tejasnasre,Tejas Nasre
adityalade22,Aditya Lade
aditi-kadukar,Aditi Kadukar
owaisxkhandev-web,Owais Khan
affan190306,Mohammad Affan Khan
hsay123,Yash Landge
rnrahate,Aryan Rahate
thesanesahil-boop,Sahil Khan
samyak2468p,Samyak borkar
roshanchoudhry417-byte,Roshan Chaudhari
anam-siddiqui01,Anam Kausar Siddiqui
tishasureka,Tisha Sureka
shreyashio,Shreyash Raut
gunika1245,Gunika Bhutani
theamangupta15-debug,Aman Gupta
srushti-kamble14,Srushti Kamble
ompatil0,Om Patil
lahasedarshan-01,Darshan Lahase
vaishnavi473,Vaishnavi Chaudhari
abhishekp0106,Abhishek Purohit
rudrakathoke2006,RUDRA KATHOKE
gitsam74,Samruddhi Sawarkar
aryan-lade,Aryan Lade
sayyadrehan09,Sayyad Rehan
aryan-vijaykar,Aryan Vijaykar
gunjan-ghangare,Gunjan Ghangare
chetna-sakarde,Chetna Sakarde
purvam10,Purva Mohature
premshreegathe-sudo,premshree gathe
bhave5h,Bhavesh Chawre
devansh-235,Devansh Burhade
kartikraut09,Kartik Raut
sayaliii12,Sayali Pohankar
damnyatin,Yatin Mishra
sneha798,Sneha Agrawal
abhinav-ak22,Abhinav khadilkar
princybharani,Princy Bharani
ruturajbhargade2011-oss,Ruturaj Bhargade
aaditya100k,Aaditya Chormage
azim2803,Azimuddin Quazi
ramtekeaish26-web,Aishwarya Ramteke
sankalpgaidhane77-star,Sankalp Gaidhane
glider-vinnie,Vaishnavi Nandurkar
ramtekeridima834-cmyk,Ridhima Ramteke
velvet-007,Bhoomika Girish
devanshpaltewar30,Devansh Paltewar
omsherekar17-gif,Om Sherekar
divyamishra123786-glitch,Divya Mishra
sagarkharbikar25,Sagar Kharbikar
rushikeshbobde-glitch,Rushikesh Bobde
deven-syndicate,Deepesh Gupta
soukatdas05,Soukat Das
himanshurane,Himanshu Rane
hridhyaraghav,Hridhya Raghav
kartik-bissa,Kartik Bissa
kotewar,Sankalp Kotewar
theayanshiekh,Ayan Sheikh
anshkumar-pandey,Anshkumar Pandey
varadisthedev,Varad Raut
sanikaraut248-dotcom,Sanika Raut
